id,author_id,slug,title,description,jhi_body,created_at,updated_at
1,3,"1-something-interesting","1 Something Interesting","A story about my day","Today the strangest thing happened","2016-03-05T05:00:00.000","2016-03-05T05:00:00.000"
2,3,"2-something-interesting","2 Something Interesting","A story about my day","Today the strangest thing happened","2016-03-05T05:00:00.000","2016-03-05T05:00:00.000"
3,3,"3-something-interesting","3 Something Interesting","A story about my day","Today the strangest thing happened","2016-03-05T05:00:00.000","2016-03-05T05:00:00.000"
4,3,"4-something-interesting","4 Something Interesting","A story about my day","Today the strangest thing happened","2016-03-05T05:00:00.000","2016-03-05T05:00:00.000"
5,3,"5-something-interesting","5 Something Interesting","A story about my day","Today the strangest thing happened","2016-03-05T05:00:00.000","2016-03-05T05:00:00.000"
6,3,"6-something-interesting","6 Something Interesting","A story about my day","Today the strangest thing happened","2016-03-05T05:00:00.000","2016-03-05T05:00:00.000"
7,3,"7-something-interesting","7 Something Interesting","A story about my day","Today the strangest thing happened","2016-03-05T05:00:00.000","2016-03-05T05:00:00.000"
8,3,"8-something-interesting","8 Something Interesting","A story about my day","Today the strangest thing happened","2016-03-05T05:00:00.000","2016-03-05T05:00:00.000"
9,3,"9-something-interesting","9 Something Interesting","A story about my day","Today the strangest thing happened","2016-03-05T05:00:00.000","2016-03-05T05:00:00.000"
10,1,"10-something-interesting","10 Something Interesting","A story about my day","Today the strangest thing happened","2016-03-05T05:00:00.000","2016-03-05T05:00:00.000"
11,1,"11-something-interesting","11 Something Interesting","A story about my day","Today the strangest thing happened","2016-03-05T05:00:00.000","2016-03-05T05:00:00.000"
12,1,"12-something-interesting","12 Something Interesting","A story about my day","Today the strangest thing happened","2016-03-05T05:00:00.000","2016-03-05T05:00:00.000"
13,1,"13-something-interesting","13 Something Interesting","A story about my day","Today the strangest thing happened","2016-03-05T05:00:00.000","2016-03-05T05:00:00.000"
14,1,"14-something-interesting","14 Something Interesting","A story about my day","Today the strangest thing happened","2016-03-05T05:00:00.000","2016-03-05T05:00:00.000"
15,4,"15-something-interesting","15 Something Interesting","A story about my day","Today the strangest thing happened","2016-03-05T05:00:00.000","2016-03-05T05:00:00.000"
16,4,"16-something-interesting","16 Something Interesting","A story about my day","Today the strangest thing happened","2016-03-05T05:00:00.000","2016-03-05T05:00:00.000"
17,4,"17-something-interesting","17 Something Interesting","A story about my day","Today the strangest thing happened","2016-03-05T05:00:00.000","2016-03-05T05:00:00.000"
18,4,"18-something-interesting","18 Something Interesting","A story about my day","Today the strangest thing happened","2016-03-05T05:00:00.000","2016-03-05T05:00:00.000"
